{"cameraMode":{"drawMode":0,"name":"Shaded","section":"Shading Mode"},"sceneLighting":true,"audioPlay":false,"sceneViewState":{"showFog":true,"showMaterialUpdate":true,"showSkybox":true,"showFlares":true,"showImageEffects":true,"showParticleSystems":true},"in2DMode":false,"pivot":{"x":699.5629272460938,"y":411.1810302734375,"z":80.6668701171875},"rotation":{"x":-0.06896048784255982,"y":0.0917457640171051,"z":-0.006370200775563717,"w":-0.9933713674545288},"size":718.2284545898438,"orthographic":false}